image,caption
1000268201_693b08cb0e.jpg,a little girl in a pink dress
1001773457_577c3a7d70.jpg,two dogs playing on the side of the road
1002674143_1b742ab4b8.jpg,a child sitting in the grass
1003163366_44323f5815.jpg,a woman laying on a bench next to a river
1007129816_e794419615.jpg,a man wearing a hat
1007320043_627395c3d8.jpg,a little girl climbing on a red rope
1009434119_febe49276a.jpg,a white picket fence
1012212859_01547e3f17.jpg,a dog playing with a ball on the beach
1015118661_980735411b.jpg,a little boy walking down a street with a skateboard
1015584366_dfcec3c85a.jpg,a dog is sitting on a log in the grass
101654506_8eb26cfb60.jpg,a dog running in the snow
101669240_b2d3e7f17b.jpg,the trees are bare
1016887272_03199f49c4.jpg,people climbing on a rock
1019077836_6fc9b15408.jpg,a dog is playing with a hose in the grass
1019604187_d087bf9a5f.jpg,a white dog running in the grass
1020651753_06077ec457.jpg,the dog is jumping
1022454332_6af2c1449a.jpg,a body of water
1022454428_b6b660a67b.jpg,a man and a woman sitting next to a tree
1022975728_75515238d8.jpg,a dog in the water
102351840_323e3de834.jpg,a group of people standing on a frozen lake
1024138940_f1fefbdce1.jpg,two dogs running on the beach
102455176_5f8ead62d5.jpg,a man on a rope
1026685415_0431cbf574.jpg,the dog is black
1028205764_7e8df9a2ea.jpg,a man and a child in a kayak
1030985833_b0902ea560.jpg,two dogs playing with each other dogs
103106960_e8a41d64f8.jpg,a boy wearing a red jacket
103195344_5d2dc613a3.jpg,the building is glass
103205630_682ca7285b.jpg,a group of people sitting in the snow
1032122270_ea6f0beedb.jpg,the sky is cloudy
1032460886_4a598ed535.jpg,tall building with many windows
1034276567_49bb87c51c.jpg,a young boy eating a piece of pizza
104136873_5b5d41be75.jpg,a group of people sitting on top of a mountain
1042020065_fb3d3ba5ba.jpg,a boy in a green shirt
1042590306_95dea0916c.jpg,a man and a woman sitting on a bench
1045521051_108ebc19be.jpg,a man sitting on the ground
1048710776_bb5b0a5c7c.jpg,a group of people sitting on a wall
1052358063_eae6744153.jpg,two boys on skateboards
105342180_4d4a40b47f.jpg,the woman is paddled
1053804096_ad278b25f1.jpg,a girl in the water
1055623002_8195a43714.jpg,a group of children playing on a bed
1055753357_4fa3d8d693.jpg,two men on a balcony
1056249424_ef2a2e041c.jpg,the sky is blue
1056338697_4f7d7ce270.jpg,the woman is wearing a blue tank top
1056359656_662cee0814.jpg,a child sitting in a chair reading a book
1056873310_49c665eb22.jpg,rocks on the beach
1057089366_ca83da0877.jpg,a man jumping off a diving board into a swimming pool
1057210460_09c6f4c6c1.jpg,a woman standing in front of a building
1057251835_6ded4ada9c.jpg,a dog running on the beach
106490881_5a2dd9b7bd.jpg,the boy is standing in the water
106514190_bae200f463.jpg,a clear blue sky
1067180831_a59dc64344.jpg,a black and white dog
1067675215_7336a694d6.jpg,a man laying on the ground
1067790824_f3cc97239b.jpg,two dogs playing in the sand
1072153132_53d2bb1b60.jpg,the dog is black and white
107318069_e9f2ef32de.jpg,a crowd of people watching hot air balloons
1075716537_62105738b4.jpg,a young boy riding a bike down a dirt path
107582366_d86f2d3347.jpg,a group of people sitting around a table
1075867198_27ca2e7efe.jpg,a man and a dog playing on the beach
1075881101_d55c46bece.jpg,a man in an inflatable
1077546505_a4f6c4daa9.jpg,a small child playing in a pool with a water slide
1077931201_1e0bb83105.jpg,the sky is blue
1079274291_9aaf896cc1.jpg,two boys in a room
10815824_2997e03d76.jpg,a group of horses standing around a fire pit
1082252566_8c79beef93.jpg,two dogs on the ground
1082379191_ec1e53f996.jpg,a man and a woman sitting on a bench
1084040636_97d9633581.jpg,the dog is white
1084104085_3b06223afe.jpg,a girl climbing on a rock
1087168168_70280d024a.jpg,a boy jumping on a water slide
1087539207_9f77ab3aaf.jpg,two girls on a quad quad quad quad quad quad quad quad quad quad quad quad quad quad quad quad quad quad quad quad quad quad quad quad
1088767354_2acee738cf.jpg,a group of people standing on a sidewalk
108898978_7713be88fc.jpg,a group of people skiing down a snowy slope
108899015_bf36131a57.jpg,a clear blue sky
1089181217_ee1167f7af.jpg,a dog running on a path
1089755335_0bfbfd30e6.jpg,a group of people fishing on a pier at night
109202756_b97fcdc62c.jpg,a woman is riding a horse by the water
109202801_c6381eef15.jpg,two horses pulling a sler in the snow
109260216_85b0be5378.jpg,a man climbing up a steep in a cave
109260218_fca831f933.jpg,a group of people standing in a cave
1093716555_801aacef79.jpg,a clear blue sky
1093737381_b313cd49ff.jpg,a red building
1094462889_f9966dafa6.jpg,a dog in the snow
1095476286_87d4f8664e.jpg,a young boy playing in a fountain
1095580424_76f0aa8a3e.jpg,the dog is black and white
1095590286_c654f7e5a9.jpg,two dogs running in the dirt
1095980313_3c94799968.jpg,a young girl in a blue swimsuit is standing on a boardwalk at the beach
1096097967_ac305887b4.jpg,a black and white dog
1096165011_cc5eb16aa6.jpg,a young boy swimming in a pool
1096395242_fc69f0ae5a.jpg,the floor is brown in color
109671650_f7bbc297fa.jpg,a clear blue sky
109738763_90541ef30d.jpg,a person on a snowmobile
109738916_236dc456ac.jpg,two snowmobiles in the snow
109823394_83fcb735e1.jpg,a man riding a quad quad quad quad quad quad quad quad quad quad quad quad quad quad quad quad quad quad quad quad quad quad quad quad
109823395_6fb423a90f.jpg,a man riding a quad quad quad quad quad quad quad quad quad quad quad quad quad quad quad quad quad quad quad quad quad quad quad quad
109823397_e35154645f.jpg,a man riding a quad quad quad quad quad quad quad quad quad quad quad quad quad quad quad quad quad quad quad quad quad quad quad quad
1100214449_d10861e633.jpg,water fountain in front of building
1104133405_c04a00707f.jpg,a young boy playing with a soccer ball in a park
1105959054_9c3a738096.jpg,the wall is made of stone
110595925_f3395c8bd6.jpg,a person riding a bike on a road
1107246521_d16a476380.jpg,the dog is black
1107471216_4336c9b328.jpg,the girl is holding a camera
1110208841_5bb6806afe.jpg,a brown and white dog jumping in the air
1112212364_0c48235fc2.jpg,rocks on the beach
111497985_38e9f88856.jpg,a woman on a mountain
111537217_082a4ba060.jpg,a man climbing on a rock
111537222_07e56d5a30.jpg,a man on a rock
1115565519_d976d4b1f1.jpg,a little girl playing with a dolphin
1115679311_245eff2f4b.jpg,a dog on the beach
111766423_4522d36e56.jpg,the bird is black and white
1117972841_2b9261f95f.jpg,a dog laying on the ground
1118557877_736f339752.jpg,the water is splashing
1119015538_e8e796281e.jpg,a small dog running in the grass
1119418776_58e4b93eac.jpg,a dog running in a field
1119463452_69d4eecd08.jpg,a little girl swimming in a pool
1121416483_c7902d0d49.jpg,a little girl is doing a handstant on a bed
112178718_87270d9b4d.jpg,a man holding a surfboard in the sand
112243673_fd68255217.jpg,the trees are bare
1122944218_8eb3607403.jpg,a woman holding a baby
1124448967_2221af8dc5.jpg,a man sleeping on a chair in front of a building
1129704496_4a61441f2c.jpg,two dogs playing in the water
1130017585_1a219257ac.jpg,a group of people standing on a street
1130369873_d80a1aa59c.jpg,the dog is in the water
1130401779_8c30182e3e.jpg,the water is brown
1131155939_b4b457b05e.jpg,a dog running on the beach
1131340021_83f46b150a.jpg,a young boy is running on a skateboard
1131800850_89c7ffd477.jpg,the dog is wet
1131804997_177c3c0640.jpg,two people sitting on the sidewalk
1131932671_c8d17751b3.jpg,a young boy jumping on top of a bed
1132772170_600610c5df.jpg,a man jumping on a bed in a hotel room
113678030_87a6a6e42e.jpg,a person on a snowboard
1138784872_69ade3f2ab.jpg,a little girl walking down the sidewalk
114051287_dd85625a04.jpg,a man sitting in the passenger seat of a car
1141718391_24164bf1b1.jpg,a woman standing on a set of stairs
1141739219_2c47195e4c.jpg,a truck parked on the side of the road
1142283988_6b227c5231.jpg,a woman hugging a man at a party
1142847777_2a0c1c2551.jpg,a man riding a bike
1143373711_2e90b7b799.jpg,a man riding a bike down a street
1143882946_1898d2eeb9.jpg,a woman riding a bike
1144288288_e5c9558b6a.jpg,a woman walking down the street
1148238960_f8cacec2fc.jpg,a group of people riding bikes down a street
1149179852_acad4d7300.jpg,a horse pulling a carriage down a street
114949897_490ca7eaec.jpg,the net is black
1151466868_3bc4d9580b.jpg,a girl in the water
1153704539_542f7aa3a5.jpg,a group of young girls playing a game of drum
1155138244_859fd6e079.jpg,woman wearing a green hat
115684808_cb01227802.jpg,a group of people standing on a snow covered field
1159574340_99ba8c3c59.jpg,a man jumping in the water
1160034462_16b38174fe.jpg,a man sitting on a bench
1160441615_fe6b3c5277.jpg,a bridge over a river
1163282319_b729b24c46.jpg,a little girl sitting on a rock with her mouth open
116409198_0fe0c94f3b.jpg,the sky is clear
1164131282_b30926f332.jpg,a dog running in the grass
1164765687_7aca07bbe7.jpg,a man laying on the floor
1167662968_e466f1e80a.jpg,the man is wearing a black shirt
1167669558_87a8a467d6.jpg,the man is wearing a yellow shirt
1167908324_8caab45e15.jpg,a man playing a video game
1169307342_e7a4685a5c.jpg,two dogs playing in the grass
1174525839_7c1e6cfa86.jpg,a person jumping in the air on a beach
1174629344_a2e1a2bdbf.jpg,a group of people walking down the street
1176580356_9810d877bf.jpg,a dog jumping in the air to catch a ball
1177994172_10d143cb8d.jpg,two young boys playing with a water hose
1178705300_c224d9a4f1.jpg,a dog jumping in the air
118187095_d422383c81.jpg,a group of people walking down the street
118309463_a532b75be9.jpg,the boy is wearing a blue shirt
1184967930_9e29ce380d.jpg,the ground is covered in dirt
1187435567_18173c148b.jpg,the dog is black and brown
1187593464_ce862352c6.jpg,a dog running with a stick in its mouth
1189977786_4f5aaed773.jpg,two dogs playing in a pool
1191338263_a4fa073154.jpg,a woman sitting on a bench in a subway station
1193116658_c0161c35b5.jpg,a young girl riding a scr on a scr
119534510_d52b3781a3.jpg,the water is green
1197800988_7fb0ca4888.jpg,two people sitting on a bench
1198194316_543cc7b945.jpg,a group of people walking down a sidewalk
1204996216_71d7519d9a.jpg,the bench is made of wood
1206506157_c7956accd5.jpg,two dogs playing in the grass
1207159468_425b902bfb.jpg,a man standing in front of a white umbrella
1211015912_9f3ee3a995.jpg,a group of children
1213336750_2269b51397.jpg,two people standing on a sidewalk in front of a building
1215334959_b1970965f7.jpg,a group of people sitting on top of a cement wall
121800200_bef08fae5f.jpg,the trees are green
121971540_0a986ee176.jpg,a white and red boat
1220401002_3f44b1f3f7.jpg,two young girls playing with a frc in a park
1222322358_225067636e.jpg,a young boy swinging on a swing in a park
1224851143_33bcdd299c.jpg,a little boy sitting in a chair eating food
1225443522_1633e7121f.jpg,a person walking down a sidewalk at night
1227655020_b11a1bb112.jpg,two bears playing in the grass
1229756013_94663527d7.jpg,a dog jumping in the air
1231229740_8dcbf80bfb.jpg,a child laying on a red couch
1232148178_4f45cc3284.jpg,a little girl in a green jacket
1234293791_6566284bcd.jpg,a girl riding a horse
1234817607_924893f6e1.jpg,a man sitting at a table with cans of beer
1235580648_7eebaed9bc.jpg,a man wearing a hat
1235681222_819231767a.jpg,a group of people sitting on benches on a sidewalk
1235685934_be89b231fb.jpg,a man in a white shirt
1236951314_0308dc4138.jpg,a tree in the background
1236964638_1808784a3c.jpg,a man jumping into a swimming pool
1237985362_dbafc59280.jpg,a woman holding a child
123889082_d3751e0350.jpg,two dogs playing in the grass
123997871_6a9ca987b1.jpg,a group of girls playing a game of lacrosse
1240297429_c36ae0c58f.jpg,a dog running in the grass
124195430_d14028660f.jpg,a horse and a dog on the beach
1244140539_da4804d828.jpg,the dog is black and brown
1244306891_8e78ae1620.jpg,three women sitting on the ground
1244485675_822e6efe60.jpg,a young boy looking through a glass window
1245022983_fb329886dd.jpg,a little girl in a pink skirt
1247181182_35cabd76f3.jpg,a person on a mountain
1248357227_2b4175fc39.jpg,the water is calm
1248734482_3038218f3b.jpg,a little girl laying on the grass
124881487_36e668145d.jpg,a man riding a mountain bike on a rocky trail
1248940539_46d33ed487.jpg,two children playing in the sand
1248953128_24c9f8d924.jpg,a little girl playing with a soccer ball
124972799_de706b6d0b.jpg,a cat and a dog on a porch
1251558317_4ef844b775.jpg,a white police motorcycle
1252396628_eb81d3905b.jpg,a man riding a dirt bike down a hill
1252787177_4b08625897.jpg,a couple of people standing under a red and white tent
125319704_49ead3463c.jpg,a group of people riding bikes through a stream
1253264731_e7c689eca5.jpg,a woman standing on a bridge in the water
1253275679_e955fb7304.jpg,the boy is wearing a black shirt
1255504166_f2437febcb.jpg,the sky is blue
1258913059_07c613f7ff.jpg,"a red, white, and blue building"
1259936608_e3f0064f23.jpg,kids playing in water
1260816604_570fc35836.jpg,a red car on the road
1262077938_8b9516c273.jpg,a woman sitting on a bench
1262454669_f1caafec2d.jpg,a woman sitting on a bench
1262583859_653f1469a9.jpg,a man riding a bike
1263126002_881ebd7ac9.jpg,a baby is sitting in a cribt
1263801010_5c74bf1715.jpg,a man on a snowboard
1267711451_e2a754b4f8.jpg,a black and white dog carrying a stick in its mouth
1269470943_ba7fc49b4d.jpg,a young boy laying in the grass with a football ball
1271210445_7f7ecf3791.jpg,a group of children sitting around a birthday cake
1271960365_e54033f883.jpg,two dogs playing with a ball in a park
1273001772_1585562051.jpg,a group of people standing in the water
127450902_533ceeddfc.jpg,a group of people walking up a snow covered mountain
127488876_f2d2a89588.jpg,two people playing golf
127490019_7c5c08cb11.jpg,the woman is wearing a blue shirt
1277185009_06478dd457.jpg,a man standing on top of a mountain
1277743944_f4e8c78403.jpg,a young boy running on the beach next to beach chairs
1280147517_98767ca3b3.jpg,the water is blue
1280320287_b2a4b9b7bd.jpg,a man on a wake board
1282392036_5a0328eb86.jpg,the grass is green
12830823_87d2654e31.jpg,a group of people standing around a swimming pool
1285067106_2adc307240.jpg,a boy in a baseball uniform
1285874746_486731a954.jpg,a woman in a blue dress
1286408831_05282582ed.jpg,a young boy playing on a wooden table
1287064529_aa4e4f3c31.jpg,two dogs in the snow
1287073593_f3d2a62455.jpg,a man and two dogs in the snow
1287475186_2dee85f1a5.jpg,a boy in the water
1287920676_d21a0b289b.jpg,two dogs on a sler
1287931016_fb015e2e10.jpg,two dogs playing in the snow
1287982439_6578006e22.jpg,a dog in the water
1288909046_d2b2b62607.jpg,a dog jumping into a swimming pool
128912885_8350d277a4.jpg,a dog playing with a red ball in a yard
1289142574_2bd6a082dd.jpg,a small child on a wooden bench in a park
1290894194_8a4ffdc7eb.jpg,a woman sitting on the ground
1294578091_2ad02fea91.jpg,a group of people sitting on the sidewalk
1295669416_21cabf594d.jpg,a woman sitting on a wall talking on a cell phone
1295671216_cde1b9c9d1.jpg,a group of people standing around a table full of food
1295698260_e10c53c137.jpg,a crowd of people
129599450_cab4e77343.jpg,a clear blue sky
1296412797_85b6d2f8d6.jpg,a young girl is flying through the air with a kite
1296770308_3db2022f5a.jpg,a group of people standing around a bar
1298295313_db1f4c6522.jpg,a young boy jumping off a dock into a lake
1298866571_b4c496b71c.jpg,a man in a suit and tie sitting on a bus
1299459550_1fd5594fa2.jpg,a boy laying on the ground
1299459562_ed0e064aee.jpg,three boys playing in the water
1301140633_046e4e8010.jpg,the boy is wearing a blue sweater
130211457_be3f6b335d.jpg,a white picket fence
1302657647_46b36c0d66.jpg,the man is wearing a jacket
1303335399_b3facd47ab.jpg,a small child on a slide
1303548017_47de590273.jpg,a woman standing on train tracks
1303550623_cb43ac044a.jpg,a woman standing on train tracks
1303727066_23d0f6ed43.jpg,a man wearing a peace sign t - shirt
1303727828_d1052ee341.jpg,a woman with blonde hair
1304100320_c8990a1539.jpg,two cows in a field
1304961697_76b86b0c18.jpg,two people on water skis in the ocean
1305564994_00513f9a5b.jpg,a man riding a motorcycle
1306145560_1e37081b91.jpg,a dog swimming in the water with a ball in it ' s mouth
1307635496_94442dc21a.jpg,a young boy running in the grass
1308472581_9961782889.jpg,a little girl running through the water under a pier
1308617539_54e1a3dfbe.jpg,a boy on a surfboard
1309330801_aeeb23f1ee.jpg,a man and a little girl on a tram tram tram tram tram tram tram tram tram tram tram tram tram tram tram tram tram tram tram tram tram
1311132744_5ffd03f831.jpg,a dog running through a field of tall grass
1311388430_4ab0cd1a1f.jpg,a clear blue sky
1312020846_5abb4a9be2.jpg,two small dogs on a rock
1312227131_771b5ed201.jpg,the sky is blue
1312954382_cf6d70d63a.jpg,a little girl in a green dress
1313693129_71d0b21c63.jpg,a body of water
1313961775_824b87d155.jpg,a woman floating in the water
1316247213_1d2c726dd5.jpg,the girl is wearing a hat
131632409_4de0d4e710.jpg,a woman on the beach
1317292658_ba29330a0b.jpg,a young boy playing in a fountain with water
1319634306_816f21677f.jpg,a dog sitting in the grass
1321723162_9d4c78b8af.jpg,a group of people skating on a rink
1321949151_77b77b4617.jpg,a group of people sitting on a black couch
1322323208_c7ecb742c6.jpg,two children playing on the beach at sunset
1324816249_86600a6759.jpg,a dog walking through tall grass with mountains in the background
132489044_3be606baf7.jpg,a man wearing a suit
1329832826_432538d331.jpg,the sky is dark
1330645772_24f831ff8f.jpg,a dog running in a field
133189853_811de6ab2a.jpg,two men in tuxed tuxed tuxed tuxed tuxed tuxed tuxed tuxed tuxed tuxed tuxed tuxed tu
1332208215_fa824f6659.jpg,a group of people sitting on a subway train
1332492622_8c66992b62.jpg,a colorful building with a clock on it ' s side
1332722096_1e3de8ae70.jpg,two women walking down the street
1332815795_8eea44375e.jpg,a baby swinging on a swing in a park
1332823164_c70a5d930e.jpg,the water is chop
1333888922_26f15c18c3.jpg,the sun is shining through the trees
1334892555_1beff092c3.jpg,a group of kids playing baseball in a park
1335617803_4fbc03dab0.jpg,two boys in the grass
1337792872_d01a390b33.jpg,a little girl running down a road with a teddy bear
1338523142_57fce8229b.jpg,the mountain is rocky
133905560_9d012b47f3.jpg,two dogs playing in the snow
1339596997_8ac29c1841.jpg,a group of women standing next to each other women
1341787777_4f1ebb1793.jpg,the dog is brown
1342766791_1e72f92455.jpg,a group of children playing with a kite
1342780478_bacc32344d.jpg,a man in a white shirt and tie standing next to a stone wall
1343426964_cde3fb54e8.jpg,a boy holding a surfboard
1346051107_9cdc14e070.jpg,a man playing the saxophone
1346529555_e916816cfe.jpg,a dog running in the grass with a ball in its mouth
134724228_30408cd77f.jpg,a group of people walking down a dirt road
1347519824_e402241e4f.jpg,a group of people standing in front of a window
1348113612_5bfc5f429e.jpg,a dog swimming in a pool
1348304997_afe60a61df.jpg,a young girl jumping on a skateboard in the air
1348891916_ebd4413033.jpg,a dog running in the water
134894450_dadea45d65.jpg,a man jumping in the air
1348947380_14f0fc1237.jpg,a man walking a dog on a leash
1348957576_c4a78eb974.jpg,a man and a woman sitting on a rock
1350811702_2ce7cfd0c5.jpg,a young boy is fishing on the beach
1350948838_fdebe4ff65.jpg,a dog jumping into the water
1351315701_6580b51c41.jpg,a dog chasing another dog in a field
1351764581_4d4fb1b40f.jpg,a fireman working on a car
135235570_5698072cd4.jpg,the sky is clear and blue
1352398363_9cc8ffcce9.jpg,a young boy with tattoos on his body
1352410176_af6b139734.jpg,the sand is brown
1354318519_2f9baed754.jpg,a little boy with blond hair
1355450069_c0675b0706.jpg,a man on a rock
1355703632_5683a4b6fb.jpg,a young girl playing baseball on a field
1355833561_9c43073eda.jpg,a man holding a child on the beach
1355935187_2c99648138.jpg,a white dog on the grass
1355945307_f9e01a9a05.jpg,a man driving a red race car
1356543628_c13ebe38fb.jpg,a little girl holding a stuffed animal in her arms
1356796100_b265479721.jpg,a little girl standing in a tree looking at the camera
1357689954_72588dfdc4.jpg,a boy climbing on a rock
1357724865_4faf4e1418.jpg,the water is green
1357753846_6185e26040.jpg,a black dog is playing in the water
1358089136_976e3d2e30.jpg,the sky is blue
1358892595_7a37c45788.jpg,a dog running in the grass
1359101233_16c2c150e3.jpg,a dog running in a field
1361420539_e9599c60ae.jpg,a black dog running through a field of tall grass
1362128028_8422d53dc4.jpg,two boys in a tub
1363843090_9425d93064.jpg,a black and white dog standing in shallow water
1363924449_487f0733df.jpg,a little boy standing in the grass
136552115_6dc3e7231c.jpg,a person on a bike doing a trick
136639119_6040b00946.jpg,the sky is clear
136644343_0e2b423829.jpg,a young boy swinging on a tire swing
136644885_f7d2bbf546.jpg,a man on a rope bridge
1368338041_6b4077ca98.jpg,two dogs on the street
1368383637_614646cc4a.jpg,a black and white photo of people walking in a building
136886677_6026c622eb.jpg,a man in a canoe
1370615506_2b96105ca3.jpg,a tree in front of a store
1370773415_967b1ffde1.jpg,a tree in front of a store
1377668044_36398401dd.jpg,a man holding a dog
1378557186_4bd1da6834.jpg,a man holding a baseball bat
1379026456_153fd8b51b.jpg,a man wearing headphones
1383698008_8ac53ed7ec.jpg,a person on a snowboard doing a trick
1383840121_c092110917.jpg,a dog laying on a bed
1384292980_4022a7520c.jpg,two women walking down the street
1386251841_5f384a0fea.jpg,a woman standing in front of a mirror
1386964743_9e80d96b05.jpg,the sky is blue
138705546_be7a6845dd.jpg,two women sitting on rocks
138718600_f430ebca17.jpg,two people sitting by a river
1387443857_602ab6f9bf.jpg,a group of people sitting on a wall
1387461595_2fe6925f73.jpg,a group of people standing around a monument
1387785218_cee67735f5.jpg,a small child pushing a cart
1388346434_524d0b6dfa.jpg,a man sitting on the side of a building
1388373425_3c72b56639.jpg,a woman talking on a cell while sitting on a bench
1388970365_162edcceb4.jpg,a group of cows grazing in a field
1389264266_8170bc1c54.jpg,a group of women walking down a sidewalk
1389323170_d1c81d6b51.jpg,a woman sitting on an inflatable on a sidewalk
1389651420_8d95d8f6ed.jpg,the boy is wearing a red shirt
1390268323_2c8204e91c.jpg,two boys sitting in the back of a car
1392272228_cf104086e6.jpg,a black dog in the water
1394368714_3bc7c19969.jpg,a pug dog standing on the ground
1394396709_65040d97ab.jpg,a dog in the water with a toy in its mouth
1394599090_fe0ba238f0.jpg,the man is wearing a white shirt
1394620454_bf708cc501.jpg,a person standing on a mountain
1394927474_0afdd82fc4.jpg,a man standing in front of a building
1396064003_3fd949c9dd.jpg,a man in the air
1396703063_e8c3687afe.jpg,a man wearing a straw hat
1397295388_8a5b6b525d.jpg,a large group of people standing in an airport
1397887419_e798697b93.jpg,two dogs playing in the grass
1397923690_d3bf1f799e.jpg,a clear blue sky
1398606571_f543f7698a.jpg,a little girl in the water
1398613231_18de248606.jpg,a man and a little girl in the water
1398873613_7e3174dd6c.jpg,a man holding an american flag
1400424834_1c76e700c4.jpg,a woman standing on a sidewalk with a skateboard
1401961581_76921a75c5.jpg,a group of people on a stage with flags
1402640441_81978e32a9.jpg,a boy playing with a soccer ball in the sand
1402641725_5e027ecaa7.jpg,a group of people playing in the sand
1402843760_d30f1dbf0f.jpg,a small white dog standing on top of a lush green field
1402859872_0fc8cf8108.jpg,a little girl standing next to a yellow robot
1403414927_5f80281505.jpg,two dogs on a trail
140377584_12bdbdf2f8.jpg,a man on a rock
140430106_2978fda105.jpg,a dog running on the beach
1404832008_68e432665b.jpg,the water is splashing
1405221276_21634dcd58.jpg,two dogs playing in the water
140526326_da07305c1c.jpg,a man standing on top of a mountain
140526327_3cb984de09.jpg,a man on a rock
1406010299_5755339f08.jpg,the boy is wearing a helmet
1408958345_68eea9a4e4.jpg,a little girl playing in the sand at the beach
1410193619_13fff6c875.jpg,a woman sitting on a couch with a teddy bear
141139674_246c0f90a1.jpg,a young boy swinging a bat at a baseball game
141140165_9002a04f19.jpg,two boys playing baseball
1412832223_99e8b4701a.jpg,the sand is brown
1413956047_c826f90c8b.jpg,three people standing on top of a mountain
1414779054_31946f9dfc.jpg,a young boy is doing a trick on a skateboard
1414820925_3504c394e1.jpg,a man jumping in the air
1415591512_a84644750c.jpg,a little girl playing in the grass near a white car
1417031097_ab656bc4bd.jpg,a red and white tower
1417295167_5299df6db8.jpg,man wearing a black hoodie
141755290_4b954529f3.jpg,a woman wearing a pink jacket
141755292_7a0b3364cf.jpg,a group of people sitting at a table eating food
1417637704_572b4d6557.jpg,two little girls sitting in the back of a car
1417882092_c94c251eb3.jpg,man wearing a black jacket
1417941060_2a0f7908bc.jpg,a boy sitting on a bench
1418019748_51c7d59c11.jpg,a man wearing a white shirt
1418266617_b32143275b.jpg,a dog jumping in the air
1418503947_953d373632.jpg,the man is wearing a hat
1419286010_b59af3962a.jpg,a man in a boat
1419385780_1383ec7ba9.jpg,a man sitting on a skateboard
1420060020_7a6984e2ea.jpg,a young boy in a black and red outfit
1420060118_aed262d606.jpg,a person jumping in the air
1423126855_6cd2a3956c.jpg,a man standing in a field
1423997242_ea2189ec5e.jpg,a man sitting in the grass
1424237335_b3be9920ba.jpg,two children playing on a playground
1424775129_ffea9c13ab.jpg,the train tracks are brown
1425013325_bff69bc9da.jpg,two dogs playing in the water
1425069308_488e5fcf9d.jpg,a dog playing with a blue ball in a living room
1425069590_570cc7c2d8.jpg,a little girl standing on a red bench
1425485485_d7c97a5470.jpg,the boy is wearing a green shirt
1425919702_ddb761aeec.jpg,a group of people sitting in chairs watching a baseball game
1426014905_da60d72957.jpg,a man standing on top of a building looking at the sky
1427391496_ea512cbe7f.jpg,a young boy standing on a wooden dock
142802798_962a4ec5ce.jpg,a man on a skateboard
1428578577_82864facae.jpg,the clouds are white
1428641354_f7453afbea.jpg,a woman and two children in a kitchen
1428681303_04213524e3.jpg,a statue of a man on a skateboard
1429546659_44cb09cbe2.jpg,two dogs are standing in the dirt
1429723917_6af585e4c0.jpg,a man wearing a hat
1429814475_0b592b9995.jpg,a woman sitting on the sidewalk
1430154945_71bbaa094a.jpg,a woman sitting at a table with a child
1432179046_8e3d75cf81.jpg,a white wall with graffiti on it
1432342377_3e41603f26.jpg,a man and a woman standing in front of a store
143237785_93f81b3201.jpg,a man holding a fish
1433088025_bce2cb69f8.jpg,a group of people standing around a man in yellow shorts
1433142189_cda8652603.jpg,the sky is cloudy
1433397131_8634fa6664.jpg,a pile of colorful plastic balls
1433577867_39a1510c43.jpg,a dog in the water
1434005938_ad75c8598c.jpg,the grass is green and brown
1434607942_da5432c28c.jpg,a man carrying a little girl
143552697_af27e9acf5.jpg,a man riding a dirt bike on a hill
143552829_72b6ba49d4.jpg,a man riding a dirt bike through a stream
1436760519_8d6101a0ed.jpg,a black and white dog
143680442_2f03f76944.jpg,a man on a rock
143680966_0010ff8c60.jpg,the sky is blue
143684568_3c59299bae.jpg,the sky is blue
143688205_630813a466.jpg,a person climbing up a rock in the woods
143688283_a96ded20f1.jpg,a man on a rope
143688895_e837c3bc76.jpg,a man on a rock
1439046601_cf110a75a7.jpg,a young boy standing in a swimming pool
1439282131_3814d6ae04.jpg,two dogs in the water
1440024115_129212c988.jpg,a man playing with a dog
1443807993_aebfb2784a.jpg,a little girl is jumping on an inflatable
1445123245_c7b9db0e0c.jpg,a small dog playing with a toy on the floor
1445754124_647168f211.jpg,a dog standing on top of a tree branch
1446053356_a924b4893f.jpg,two girls playing soccer
1446933195_8fe9725d62.jpg,a small brown puppy
1448511770_1a4a9c453b.jpg,a dog jumping over a ramp on a skateboard
1449370354_380c4123c9.jpg,a group of kids playing with a frc in a park
1449625950_fc9a8d02d9.jpg,two dogs playing in the grass
1449692616_60507875fb.jpg,a little girl taking a picture with a camera
1452361926_6d8c535e32.jpg,a baby in a red car seat
1453366750_6e8cf601bf.jpg,two women laying on a couch
1454678644_7e5a371301.jpg,two dogs playing with a ball in the yard
1454841725_4b6e6199e2.jpg,a group of children
1456393634_74022d9056.jpg,a man is doing a handstant on the beach
1456630952_dd4778a48f.jpg,the fence is made of wood
145721496_687af9bb18.jpg,the water is white
145721498_a27d2db576.jpg,the water is splashing
1457762320_7fe121b285.jpg,a group of people standing next to bikes
1459032057_97e73ed6ab.jpg,a little girl eating a dont
1459250022_bf1eddad11.jpg,a group of people playing instruments in a room
1460352062_d64fb633e0.jpg,a man sitting in a tree
1460500597_866fa0c6f3.jpg,a man sitting at a table in a restaurant
146098876_0d99d7fb98.jpg,a group of young girls walking down a dirt road
146100443_906d87faa2.jpg,a group of children sitting at a table
1461329041_c623b06e5b.jpg,two people are riding bikes on the street
1461653394_8ab96aae63.jpg,two dogs playing with each other dogs
1461667284_041c8a2475.jpg,a group of people playing music on a stage
1463638541_c02cfa04dc.jpg,a girl is climbing on a ladder on the side of a building
1463732130_a754441289.jpg,a young boy jumping on a tram tram tram tram tram tram tram tram tram tram tram tram tram tram tram tram tram tram tram tram tram tram tram
1463732807_0cdf4f22c7.jpg,a young boy sitting on a swing
1464120327_d90279ca3a.jpg,a little boy looking at a cake in a display case
1465666502_de289b3b9c.jpg,a dog in the water
146577645_91b570c0d0.jpg,the water is white
146577646_9e64b8c2dc.jpg,a man in a kayak
1466307485_5e6743332e.jpg,the truck is white
1466307489_cb8a74de09.jpg,two men working on a construction site
1466479163_439db855af.jpg,a dog running in a field
1467533293_a2656cc000.jpg,a yellow and red playground structure
1468103286_96a6e07029.jpg,a baseball player holding a bat
1468389504_c724bdcad0.jpg,a girl on a playground
1468429623_f001988691.jpg,a man walking a dog
1468962616_5803b4397f.jpg,the water is blue
1469000260_5d473c8283.jpg,a dog laying on the ground
1469358746_2a879abaf3.jpg,the sky is clear and blue
1470061031_4cb59c12a8.jpg,the dog is white
1470132731_fa416b7504.jpg,a dog in the water
1470536919_1f3fd6c65a.jpg,the dog is black and white
1472053993_bed67a3ba7.jpg,the sky is blue
1472230829_803818a383.jpg,a group of people in a raft
1472249944_d887c3aeda.jpg,a woman sitting on a rock
1472653060_7427d2865a.jpg,a man preparing food in a kitchen
1472882567_33dc14c8b6.jpg,shadows on the snow
1473080948_bae2925dc8.jpg,a man in a kayak
1473250020_dc829a090f.jpg,a man standing in the water
1473618073_7db56a5237.jpg,a young boy on a swing
1474474514_b3eb492722.jpg,a little boy standing in front of a pile of tires
1475046848_831245fc64.jpg,the water is calm
1476002408_4256b7b2fa.jpg,a person walking on a sidewalk next to a car
1476241331_2f43b67aed.jpg,two boys playing on a skateboard
1478268555_7e301fc510.jpg,the man is climbing
1478294229_7e1c822fea.jpg,a man wearing a pair of white socks
1478606153_a7163bf899.jpg,a dog running through a forest filled with leaves
1479028910_3dab3448c8.jpg,a young man doing a trick on a skateboard
1479124077_17dcc0d5d7.jpg,the boy is jumping
1479513774_70c94cf9d3.jpg,a woman walking down the street
1479679558_d0a01bc62b.jpg,a stream in the woods
1479857177_9d4a6f38fd.jpg,a man wearing a diving suit
1480712062_32a61ad4b7.jpg,a man in a scuba suit
1481062342_d9e34366c4.jpg,a little girl running down a long hallway
1482960952_95f2d419cb.jpg,two women walking down the street
148512773_bae6901fd6.jpg,the water is calm
1488937076_5baa73fc2a.jpg,two dogs running in the yard
1489286545_8df476fa26.jpg,a man sitting on a bench
1490213660_9ea45550cf.jpg,the dog is walking in the water
1490670858_e122df2560.jpg,a young boy sitting on a red slide
1491192153_7c395991e5.jpg,a man holding a child on a swing
1499495021_d295ce577c.jpg,a man and a woman fishing on the beach
1499554025_a8ffe0e479.jpg,the goats are white
1499581619_a5f65a882c.jpg,a man and a woman kissing on the beach
1500853305_0150615ce9.jpg,a young girl standing on a wooden bridge in the woods
1501297480_8db52c15b0.jpg,two children playing outside
1501811302_5e723fc529.jpg,the ground is brown
1501985304_8c50093004.jpg,a man holding a child in a pool
150387174_24825cf871.jpg,a man riding a dirt bike on a rocky trail
1505686764_9e3bcd854a.jpg,a man standing on a rock next to a stream
150582765_bad8dec237.jpg,a woman taking a picture of a car
1507563902_6ec8d5d822.jpg,a boy jumping on a tram tram tram tram tram tram tram tram tram tram tram tram tram tram tram tram tram tram tram tram tram tram tram tram
1508269285_6c5723f67d.jpg,a dog standing in a body of water
1509786421_f03158adfc.jpg,a man and a young boy playing a video game
1510078253_96e9ec50e7.jpg,the dog is brown
1510669311_75330b4781.jpg,a group of young women posing for a picture
1511807116_41c3645e8c.jpg,the dog is brown and black
1514957266_a19827c538.jpg,a dog running in the grass
1515025681_999199cb79.jpg,the man is wearing a white t - shirt
1515883224_14e36a53c7.jpg,a woman wearing a blue shirt
1516714577_7d1c35a8d8.jpg,a little girl standing on a step
1517340899_ee1c74a8f6.jpg,a little girl jumping in the air
1517721825_10176d0683.jpg,rocks in the water
1517807181_ca6588f2a0.jpg,two children playing with a kite in a field
152029243_b3582c36fa.jpg,a man riding a dirt bike on a rocky trail
1521623639_4bda3407cc.jpg,a man sitting on a bench under a tree
1522787272_5a31497ef2.jpg,a dog running in the grass
1523800748_a59e980eee.jpg,two people on the beach
1523984678_edd68464da.jpg,a dog running with a tennis ball in its mouth
1525153022_06c48dbe52.jpg,a dog running in the water
1526181215_c1a94325ae.jpg,a dog jumping into the water
1526325728_74eb4153d8.jpg,a dog running on the beach
1527297882_dededc7891.jpg,a man with long brown hair
1527333441_af65636a74.jpg,a man in a blue tank top
1527513023_3d8152b379.jpg,a boy laying on the grass
1528205014_1323aa9dfd.jpg,a man in a yellow jacket
1529044279_4922ead27c.jpg,a group of people playing a game on the street
1536597926_c2e1bc2379.jpg,two people sitting on a rock
1536774449_e16b1b6382.jpg,crowd of people at a music festival
1539166395_0cdc0accee.jpg,a little girl riding a small toy horse
1540631615_8b42c1b160.jpg,yellow lines on the field
1541272333_1624b22546.jpg,the sky is blue
1542033433_5453d4c466.jpg,a woman standing on the sidewalk
1547883892_e29b3db42e.jpg,a woman sitting at a table on a porch
154871781_ae77696b77.jpg,the sky is blue and white
1550772959_9ca9fa625f.jpg,a little girl sitting on a rock
1552065993_b4dcd2eadf.jpg,a dog running in the grass
155221027_b23a4331b7.jpg,two people flying kites in a field
1554713437_61b64527dd.jpg,a dog walking on a log in the woods
1557451043_f5c91ff6f4.jpg,a woman sitting on the beach next to the water
1557838421_a33f2a4911.jpg,the dog is brown and white
1561658940_a947f2446a.jpg,a little girl sitting on a swing in the grass
1562392511_522a26063b.jpg,a man and a dog
1562478333_43d13e5427.jpg,a man standing next to a tent on a beach
1562478713_505ab6d924.jpg,a man sitting in the sand
1563731247_7f21d8bec0.jpg,a group of people sitting in a pile of hay
1564614124_0ee6799935.jpg,a woman wearing a black jacket
1566117559_f5d98fbeb0.jpg,a small white dog standing on its hinds
1569562856_eedb5a0a1f.jpg,a man standing in front of a poster
156967462_72db9b722c.jpg,a bridge over a river
1569687608_0e3b3ad044.jpg,two young girls in a boat on the water
1570723692_3a2b064d43.jpg,the dog is brown
157139628_5dc483e2e4.jpg,a sand sculpture on the beach
1572286502_64e5c4b920.jpg,the rope is blue
1572532018_64c030c974.jpg,two boys running on the beach
1573017288_4d481856e2.jpg,a little girl on a slide
1574401950_6bedc0d29b.jpg,a young boy is jumping on a slide
1576185717_f841ddc3da.jpg,a group of young boys playing a game of cricket
1579198375_84b18e003a.jpg,a woman singing into a microphone
1579206585_5ca6a24db0.jpg,the woman is playing the guitar
1579287915_4257c54451.jpg,a person standing on top of a mountain
1579798212_d30844b4c5.jpg,a baby in a bathtub
1580172290_e19067e0dd.jpg,two children playing on the floor
1580671272_3e99d94305.jpg,a horse wearing a blanket
1581822598_0ae23074f1.jpg,a dog running in the snow
1584315962_5b0b45d02d.jpg,snow on the ground
1594038143_57f299aa8a.jpg,a woman wearing a pink shirt
159712188_d530dd478c.jpg,a woman walking on a sidewalk next to a body of water
1597319381_1e80d9e39c.jpg,a group of young men playing a game of soccer
1597557856_30640e0b43.jpg,a woman standing next to a dog
1598085252_f3219b6140.jpg,two dogs in a field of tall grass
1600208439_e94527b80f.jpg,a dog running through a body of water
160541986_d5be2ab4c1.jpg,a woman in a costume
160566014_59528ff897.jpg,a man and woman sitting on the back of a car
160585932_fa6339f248.jpg,the water is calm
1606988704_fe330878a3.jpg,two children playing on a pile of hay
160792599_6a7ec52516.jpg,a group of people standing on the beach
160805827_5e6646b753.jpg,the sun is setting
1616016569_673de1d678.jpg,a man and a woman sitting at a table
161669933_3e7d8c7e2c.jpg,a person riding a motorcycle on a road
161905204_247c6ca6de.jpg,a woman is flying a kite on a gravel road
1620397000_3883e3ecd3.jpg,a dog running through a muddy puddle in a field
162152393_52ecd33fc5.jpg,kites flying in the sky
1622619190_d0b51aff28.jpg,the dog is running
1625306051_7099519baa.jpg,two people jumping in the air
1626754053_81126b67b6.jpg,the dog is black and white
162743064_bb242faa31.jpg,a dog jumping in the air
1643915227_9f48068772.jpg,a busy city street
1650280501_29810b46e5.jpg,a group of people sitting in a row
1655781989_b15ab4cbff.jpg,the snow is white
1659358133_95cd1027bd.jpg,a dog standing on top of a tree stump
1659358141_0433c9bf99.jpg,the dog is brown
1659396176_ced00a549f.jpg,two dogs playing with each other dog
1662261486_db967930de.jpg,a dog jumping in the air
166321294_4a5e68535f.jpg,a person riding a motorcycle on a road
1663454406_5e2cf8c5bb.jpg,a group of people holding up signs and umbrellas
1663751778_90501966f0.jpg,the rope is white
166433861_70b66cd381.jpg,a person riding a motorcycle on a road
166507476_9be5b9852a.jpg,a body of water
166654939_80ea4ddbcc.jpg,dirt on the track
1670592963_39731a3dac.jpg,the dog is jumping
167295035_336f5f5f27.jpg,a man climbing up the side of a rock
1674612291_7154c5ab61.jpg,the dog is white
1675679141_36c9bc2969.jpg,the water is blue
1676601498_7d59327523.jpg,the water is chop
1679557684_50a206e4a9.jpg,two dogs playing in the grass
1679565118_d36f0d6d52.jpg,the dog is black and white
1679617928_a73c1769be.jpg,a dog is tied to a yellow car
1680126311_b92a2e8e72.jpg,two boys playing soccer
1682079482_9a72fa57fa.jpg,a little girl on a swing
1683444418_815f660379.jpg,a group of people sitting on the grass
1685463722_55843b6d3c.jpg,a woman walking down the street
1685990174_09c4fb7df8.jpg,a group of people running in a field
1688699579_2f72328c7e.jpg,two dogs running on the road
1689658980_0074d81d28.jpg,two dogs playing in the water
1691573772_1adef8e40e.jpg,a woman riding a bike down a street
169490297_b6ff13632a.jpg,a young boy wearing a blue and yellow sweater
170100272_d820db2199.jpg,a child is playing on a slide in a playground
1713248047_d03721456d.jpg,two dogs playing in the grass
1713248099_d860df4e10.jpg,three dogs in the grass
1714316707_8bbaa2a2ba.jpg,a person standing in the snow near a tree
171488318_fb26af58e2.jpg,the ground is dry
1716445442_9cf3528342.jpg,a large pile of rocks
1718184338_5968d88edb.jpg,two people looking at a river
172092461_a9a9762e13.jpg,a man on a wake board
172092464_d9eb4f4f2f.jpg,a man on a wake board
172097782_f0844ec317.jpg,a man on a wake board
172097783_292c5413d8.jpg,a man on a wake board
1721637099_93e9ec2a2f.jpg,a boy laying on a bed
17273391_55cfc7d3d4.jpg,a man standing next to a tree on a river bank
173020287_230bfc4ffc.jpg,a man throwing a frurd dog in the air
1731546544_9fbf14617b.jpg,a dog running through the water in a lake
1732217138_aa0199ef87.jpg,two people sitting at a picnic table at night
1732436777_950bcdc9b8.jpg,a man and a woman standing on a set of steps
174466741_329a52b2fe.jpg,a young girl running through a field of flowers
1745110280_0cbff5e273.jpg,the dog is brown
1752454466_723790dbd6.jpg,the dog is brown and white
1763020597_d4cc8f0f8a.jpg,a group of people sitting on a stone wall
1764955991_5e53a28c87.jpg,leaves on the ground
1765164972_92dac06fa9.jpg,a man with a mohawk
1770036088_08abe4f6e9.jpg,a man and a little girl laying in a bed
1771490732_0ab5f029ac.jpg,a group of children playing soccer on a field
1772859261_236c09b861.jpg,the dog is in the water
177302997_5b2d770a0a.jpg,a row of chairs
1773928579_5664a810dc.jpg,a dog is jumping over a blue obstacle
1775029934_e1e96038a8.jpg,the grass is brown
1776981714_5b224d0f7a.jpg,two people walking down the street in front of a building
1777816180_08d7e8063b.jpg,a young boy sitting on a rock
1778020185_1d44c04dae.jpg,two dogs playing in the grass
1781227288_6811e734be.jpg,a man standing in front of a pile of trash
1784309115_0ad6791146.jpg,a woman kneeling on a bench
1785138090_76a56aaabc.jpg,a woman walking down the street in a bikini
1786425974_c7c5ad6aa1.jpg,a man playing with two dogs
1787222774_d5c68cce53.jpg,a small child in a toy car at a gas station
179009558_69be522c63.jpg,a young girl riding a bike
1794818900_e0ffdd268e.jpg,a little girl riding a red wooden toy car
1795151944_d69b82f942.jpg,a man riding a bike with a bunch of dogs on it
1797507760_384744fb34.jpg,a man with no shirt
1797554350_20998753c0.jpg,a woman holding an umbrella
1798209205_77dbf525b0.jpg,the woman is wearing a white shirt
1798215547_ef7ad95be8.jpg,a young boy on a slide
179829865_095b040377.jpg,a man on a surf board in the water
1799188614_b5189728ba.jpg,a small child running on the beach
1799271536_6e69c8f1dc.jpg,a dog running on the beach
1800601130_1c0f248d12.jpg,a dog jumping in the air
180094434_b0f244832d.jpg,the building is made of brick
1801063894_60bce29e19.jpg,a woman in a yellow swimsuit
1801188148_a176954965.jpg,a group of dogs running in a field
1801663973_5ad393caeb.jpg,a man and a woman sitting on a tree branch
1801874841_4c12055e2f.jpg,a dog laying on the floor next to a stuffed animal
1802092493_7b44fdb6b9.jpg,a group of children
1803631090_05e07cc159.jpg,a woman in a blue uniform
180506881_de0f59770f.jpg,a skateboarder wearing a white t - shirt
1805990081_da9cefe3a5.jpg,a young boy walking a small dog on a leash
1806580620_a8fe0fb9f8.jpg,a woman wearing a denim jacket
1807169176_7f5226bf5a.jpg,a group of people sitting around a fire
1808007704_ee8a93abb4.jpg,a large rock on the ground
1808370027_2088394eb4.jpg,the dog is in the water
1808504612_3508f3c9bb.jpg,a man in a tree
1809758121_96026913bb.jpg,a boy jumping in the air
1809796012_a2dac6c26b.jpg,the dog is black and white
1810651611_35aae644fb.jpg,a little girl on a swing
181103691_fb2f956abd.jpg,the fire truck is spraying water on the people
181157221_e12410ef0b.jpg,a man and a woman walking their dogs in a field
1812525037_528465037c.jpg,a group of people dressed up as clowns
1813266419_08bf66fe98.jpg,a group of kids playing in a water fountain
1813597483_3f09d2a020.jpg,the dog is black
1813777902_07d1d4b00c.jpg,a young boy dressed as a pirate
1814086703_33390d5fc7.jpg,a small dog playing with a ball in the yard
181415975_2627aa6668.jpg,a man on a wake board
1814391289_83a1eb71d3.jpg,a small child in a red coat is standing in a doorway
181777261_84c48b31cb.jpg,people on the beach
1818403842_553a2a392c.jpg,the dog is black
1819261140_6c022f4b1d.jpg,the table is white
1821238649_2fda79d6d7.jpg,a woman in a red swimsuit
182493240_40410254b0.jpg,snow on the ground
1827560917_c8d3c5627f.jpg,the dog is black and white
1835511273_790eaae6e6.jpg,a man in a red leather suit
1836335410_de8313a64e.jpg,a man holding a light saber
1837976956_3c45d0f9b8.jpg,a woman singing into a microphone
185057637_e8ada37343.jpg,a group of people standing around a tree
1858963639_4588cd4be9.jpg,a woman wearing a red hat
185972340_781d60ccfd.jpg,a large rock on the ground
1859726819_9a793b3b44.jpg,a woman in a red jacket
1859941832_7faf6e5fa9.jpg,a dog running in the grass
1860543210_47e94cf652.jpg,a man wearing a backpack
186346360_541047336f.jpg,a woman sitting on a rock
186348874_75b2cf1ec5.jpg,a group of people riding bikes down a dirt road
1865794069_6e3a1e57bb.jpg,a group of children playing soccer in a field
186890601_8a6b0f1769.jpg,the water is calm
186890605_ddff5b694e.jpg,the water is calm
1874617189_e85d3f4326.jpg,a body of water
1876536922_8fdf8d7028.jpg,two dogs playing in the water
1881494074_1bebd93089.jpg,a man wearing a red shirt
1884065356_c6c34b4568.jpg,a black dog in the water
1884727806_d84f209868.jpg,two people in mickey ears sitting on a fence
1895768965_43cd9d164f.jpg,leaves on the ground
1897025969_0c41688fa6.jpg,two dogs playing in the sand
189721896_1ffe76d89e.jpg,a man laying on top of a large rock
189740668_0b045f1ff2.jpg,a person climbing on a rock in the mountains
1904112245_549e47c8aa.jpg,a dog on a log
190638179_be9da86589.jpg,a man standing in front of a green jeep
190965502_0b9ed331d9.jpg,a group of white lounge chairs
191003283_992257f835.jpg,a woman and a small child are playing in the street
191003284_1025b0fb7d.jpg,a man and a little girl on a bike
191003285_edd8d0cf58.jpg,a man and a little girl sitting on the ground
191003287_2915c11d8e.jpg,a man and a little girl sitting on the ground
191592626_477ef5e026.jpg,the mountain is rocky
1917203130_fcaff8b10e.jpg,a little girl in a dress flying a kite
1917265421_aeccf1ca38.jpg,a group of people standing in a field
1918573100_d31cbb6b77.jpg,a dog standing on top of a wooden ramp
19212715_20476497a3.jpg,a person in a kayak in the ocean
1921398767_771743bf4e.jpg,a dog on the beach with a surfboard
1923476156_e20976b32d.jpg,a person riding a bike with a dog on a leash
1924234308_c9ddcf206d.jpg,the water is clear
1925434818_2949a8f6d8.jpg,two children playing in a ball pit
1926129518_4350f4f552.jpg,a dog running in the grass near a tree
1928319708_ccf1f4ee72.jpg,a woman riding a bike down a street
1931690777_897a7d8ab6.jpg,a group of kids jumping into a swimming pool
1932161768_996eadac87.jpg,a small white dog
1932314876_9cc46fd054.jpg,a man sitting on a rock
1936215201_d03a75cbba.jpg,a little boy playing with a water hose
1937104503_313d22a2d0.jpg,a black and white dog
1937262236_cbf5bfa101.jpg,two dogs playing with a ball
1947351225_288d788983.jpg,a group of children
195084264_72fb347b0f.jpg,the man is wearing a plaid shirt
1952896009_cee8147c90.jpg,a woman walking down the street carrying a bag
1956678973_223cb1b847.jpg,a group of children playing in a yard
1956944011_c5661d3f22.jpg,a young boy is jumping on a wooden structure
1957371533_62bc720bac.jpg,a black and white dog
195962284_e57178054a.jpg,the water is brown
195962790_3380aea352.jpg,a woman sitting on a wall with two dogs
1962729184_6996e128e7.jpg,a group of people standing around a boat
1965278563_8279e408de.jpg,a dog in a boat
1969573381_5ecfae4c80.jpg,a small dog standing in the grass
197107117_4b438b1872.jpg,the sky is clear and blue
197142902_f05ff198c2.jpg,a man and a woman blowing soap bubbles
197504190_fd1fc3d4b7.jpg,shadows on the grass
1975171469_84e425f61b.jpg,a boy playing a game
1975531316_8b00eeaaf7.jpg,a small dog on a leash
1977827746_4e13d7e19f.jpg,two little girls sitting in a toy car
197924859_f6e39a7dfa.jpg,a black cloth on the ground
1980315248_82dbc34676.jpg,a man walking on a sidewalk
1980882959_9a161f3469.jpg,a group of people riding bikes down a street
1982852140_56425fa7a2.jpg,the water is blue
1984936420_3f3102132b.jpg,the boy is holding a fishing rod
1989145280_3b54452188.jpg,a woman in a black dress
1991806812_065f747689.jpg,two boxers fighting in a boxing ring
1994416869_4dd769a806.jpg,a man holding a little girl in the air
199463720_329a802206.jpg,a man and a woman on a bike
199809190_e3f6bbe2bc.jpg,a man jumping into a body of water
1998255400_0cd086908f.jpg,a dog drinking water from a fa fa fa fa fa fa fa fa fa fa fa fa fa fa fa fa fa fa fa fa fa fa fa
1998457059_c9ac9a1e1a.jpg,the water is splashing
1999444757_1b92efb590.jpg,a group of people playing a game in a gym
2000459828_3c9e109106.jpg,a couple of people standing in a field of tall grass
2003663004_5b70920a98.jpg,green and white uniform
2004674713_2883e63c67.jpg,a woman standing next to two dogs
200771289_31902164a7.jpg,two police officers walking down the street
2009636597_e3f4fe19fb.jpg,a man sitting on the ground
201682811_105241dee3.jpg,a statue of a man holding a baseball bat
2017276266_566656c59d.jpg,the dog is brown and white
2021602343_03023e1fd1.jpg,two young boys playing a game of basketball
2021613437_d99731f986.jpg,a young boy playing basketball in a gymnasium
2021671653_567395c7cf.jpg,a young boy is running on the sidewalk
2029280005_a19609c81a.jpg,a man riding a skateboard down a sidewalk
2030781555_b7ff7be28f.jpg,a group of people fishing on a river
203114209_e4cd71a6b7.jpg,the water is splashing
2034553054_b00c166895.jpg,a little boy sitting on the ground
2036407732_d5a0389bba.jpg,a clear blue sky
2038662925_f4fa8c2534.jpg,a man and a woman sitting on a bench
2039457436_fc30f5e1ce.jpg,a woman wearing a cowboy hat
2040941056_7f5fd50794.jpg,two dogs playing in the grass
2041867793_552819a40b.jpg,the plate is on the table
2042009399_afad34e7c1.jpg,a group of kids playing baseball in a field
2043427251_83b746da8e.jpg,a man jumping in the water
2043520315_4a2c782c90.jpg,the sky is cloudy
2044063458_fcc76a7636.jpg,two dogs playing with a ball in the grass
2045023435_181854c013.jpg,a dog playing with a ball in the grass
2045109977_b00ec93491.jpg,the man is wearing a black shirt
2045562030_654ddea5e5.jpg,a group of people standing next to each other people
2045928594_92510c1c2a.jpg,the woman is wearing a red shirt
2046222127_a6f300e202.jpg,a man carrying a large piece of wood
2046778775_0dd7cac6ab.jpg,a group of kids standing on a stage
2049051050_20359a434a.jpg,a woman sitting on the beach
2049646140_d0de01e3c4.jpg,a person jumping in the air on a skateboard
2050067751_22d2763fd2.jpg,a young boy playing in the sand
2051194177_fbeee211e3.jpg,a dog in the water
2052202553_373dad145b.jpg,a tree in the water
2052702658_da1204f6d1.jpg,a little boy holding a snowball in the snow
2052953131_30834196fb.jpg,the snow is white
2053006423_6adf69ca67.jpg,a man standing on top of a mountain
2053441349_a98b5fc742.jpg,a dog running through a field of flowers
2053733930_e245615ad4.jpg,the snow is white
2053777548_108e54c826.jpg,a dog jumping in the air
2054308369_f9c6ec7815.jpg,the dog is brown
2054869561_ff723e9eab.jpg,the dog is black and white
2055646179_169807fed4.jpg,a group of people playing with a water hose
2056041678_d6b5b39b26.jpg,snow on the ground
2056042552_f59e338533.jpg,a dog running in the snow
2056377805_e9a9b3bcf0.jpg,a group of people riding on top of a boat
205682549_713aa6cd88.jpg,a man standing on top of a rocky mountain
2056930414_d2b0f1395a.jpg,a little boy playing with a toy guitar
2057160636_6e9cf3b5f0.jpg,a body of water
2057305043_952b8dc82c.jpg,the water is calm
2057306459_2f52ce648e.jpg,a group of people parading down a hill
2058091220_2087270068.jpg,a person parading down a hill
2058124718_89822bc96e.jpg,two dogs playing with each other dogs
2058472558_7dd5014abd.jpg,a little girl is running in the sand
2059616165_b7c99c1009.jpg,a black dog laying in the grass
2059842472_f4fb61ea08.jpg,the sky is clear and blue
2060031241_a3ae7a06bb.jpg,a small child sitting on the floor playing with a video game controller
206087108_d4557d38ee.jpg,a man laying on the ground
2061144717_5b3a1864f0.jpg,the steps are made of brick
2061354254_faa5bd294b.jpg,a man and a young boy playing with a baseball bat
2061397486_53a61e17c5.jpg,a black and brown dog walking down a dirt road
2061927950_dafba5b8a3.jpg,two people sitting on steps
2061944672_0383e65c8a.jpg,a group of people walking in a park
2062607137_dac194ad02.jpg,two dogs in a field
2063277300_f7ff476914.jpg,two children sitting on the floor
2064417101_3b9d817f4a.jpg,a group of greyhounds racing around a track
2064780645_8f28a1529f.jpg,a group of people standing on top of a grass covered hill
2064790732_219e52e19c.jpg,a little boy is running in the street
2064792226_97e41d8167.jpg,a group of people riding bikes in a parking
2065309381_705b774f51.jpg,a person on a snowboard going down a snowy hill
2065875490_a46b58c12b.jpg,a tree on the side of the road
2066048248_f53f5ef5e2.jpg,snow on the ground
2066241589_b80e9f676c.jpg,the dog is brown
2066271441_1f1f056c01.jpg,a dog swimming in the water with a ball in its mouth
2067362863_59577f9d4d.jpg,two dogs playing with each other dogs
2067833088_04e84e5bf2.jpg,a man standing on a hill
2068403258_2669cf9763.jpg,a group of kids playing in a river
2068465241_3bcabacfd7.jpg,a young girl balances on a balance beam
2068960566_21e85ae0dc.jpg,a boy on a swing
2069279767_fb32bfb2de.jpg,a man on a cliff
2070798293_6b9405e04d.jpg,a young girl jumping on a couch in a living room
2070831281_dc04b3e15d.jpg,a person riding a bike on a city street
2070831523_5035d5537e.jpg,a woman riding a bike down a road
2071309418_1d7580b0f0.jpg,the dog is laying on the ground
207237775_fa0a15c6fe.jpg,a group of people flying a kite in a field
2072574835_febf0c5fb9.jpg,a group of greyhounds racing around a track
207275121_ee4dfa0bf2.jpg,a brown dog running across a lush green lawn
2073105823_6dacade004.jpg,a man riding a skateboard down a set of stairs
2073174497_18b779999c.jpg,a man riding a bike down the street
2073756099_7e02c0110c.jpg,a dog playing in a pool with a toy
2073964624_52da3a0fc4.jpg,a woman riding a bike down a street
2074146683_7c83167aa1.jpg,a woman holding a baby
2074244690_82e30ff44b.jpg,a group of people standing in a room
2074764331_90a9962b52.jpg,two pup playing with each other pup
2075041394_0b3ea1822d.jpg,the leaves are brown
2075321027_c8fcbaf581.jpg,a man riding a bike down a street
2075493556_b763648389.jpg,three boys posing for the camera
207584893_63e73c5c28.jpg,a person on the beach flying a kite
2076428547_738e0a132f.jpg,the sky is clear and blue
2076865206_53918c820c.jpg,the sky is clear
2076906555_c20dc082db.jpg,boy wearing a denim jacket
2077079696_03380d218b.jpg,white clouds in the sky
207731022_988f6afb35.jpg,a person in a kayak pad pad pad pad pad pad pad pad pad pad pad pad pad pad pad pad pad pad pad pad pad pad
2077346067_0a3a5aae65.jpg,a red and yellow sign
2078311270_f01c9eaf4c.jpg,two women walking down the street
2079110798_ad1370a646.jpg,a young boy reading a book in a library
2079152458_40712c3b40.jpg,a dog with a tennis ball in its mouth
207930963_af3a2f1784.jpg,a group of people standing on top of a mountain
2079554580_f18d5c181b.jpg,the leaves on the ground
2080033499_6be742f483.jpg,a man walking a dog
2081141788_38fa84ce3c.jpg,two people jumping in a pool
2081446176_f97dc76951.jpg,a man wearing a hat and scarf
2081615901_13092cac56.jpg,two little girls standing on a fence
2081679622_6f1442367d.jpg,a red couch
2082005167_a0d6a70020.jpg,a black and brown dog standing next to a body of water
2083434441_a93bc6306b.jpg,a woman riding a bike down a city street
2083778090_3aecaa11cc.jpg,the man is wearing a hat
2084103826_ffd76b1e3e.jpg,a black and white dog
2084157130_f288e492e4.jpg,two dogs playing in a field
2084217208_7bd9bc85e5.jpg,a woman riding a bike
2085078076_b9db242d21.jpg,the water is brown
2085255128_61224cc47f.jpg,a man jumping in the air
2085400856_ae09df33a7.jpg,a dog playing in the snow
2085403342_a17b0654fe.jpg,a woman sitting in a pile of straw
2085557551_7a88d01d4e.jpg,a little girl holding a knife and a knife in her hand
2085726719_a57a75dbe5.jpg,two girls are taking a picture of themselves
2086513494_dbbcb583e7.jpg,a woman taking a picture with her cell phone
2086532897_b8714f2237.jpg,the water is white
2086534745_1e4ab80078.jpg,the water is white
2086678529_b3301c2d71.jpg,the girl is wearing a purple dress
2087317114_cf06df5aa5.jpg,a man in a kayak
2087640654_1a84577a44.jpg,the ground is covered with leaves
2088120475_d6318364f5.jpg,people standing in the snow
2088460083_42ee8a595a.jpg,a truck is parked on the side of the road
2088532947_c628e44c4a.jpg,two little girls laying on the grass
2088910854_c6f8d4f5f9.jpg,a man in a black hoodie
2089122314_40d5739aef.jpg,the dog is running
2089350172_dc2cf9fcf6.jpg,three dogs in the water
2089426086_7acc98a3a8.jpg,a woman standing in front of a wall
2089442007_6fc798548c.jpg,a dog in the water
2089539651_9e518ec7de.jpg,a clear blue sky
2089542487_b4c1ee7025.jpg,a clear blue sky
2089555297_95cf001fa7.jpg,a clear blue sky
2090327868_9f99e2740d.jpg,a statue of a cow
2090339522_d30d2436f9.jpg,a man wearing a hat
2090386465_b6ebb7df2c.jpg,a group of people walking in the snow
2090387793_274ab4cf7d.jpg,a boy wearing a black jacket
2090545563_a4e66ec76b.jpg,two children sitting on the ground in front of a building
2090723611_318031cfa5.jpg,the dog is brown and white
2090997177_76d482b158.jpg,a dog running on the beach
2091171488_c8512fec76.jpg,a woman walking in the snow
2092177624_13ab757e8b.jpg,the boy is wearing a green dress
2092419948_eea8001d0f.jpg,the water is green
2092870249_90e3f1855b.jpg,the car is parked on the side of the road
2094323311_27d58b1513.jpg,a man and a dog
2094543127_46d2f1fedf.jpg,a woman sitting next to an alligator
2094810449_f8df9dcdf7.jpg,a young boy standing in the water at the beach
2095007523_591f255708.jpg,a baby in a cribt
2095078658_c14ba89bc2.jpg,a dog running in the snow
2095435987_1b7591d214.jpg,a dog rolling on its back in the sand
2095444126_201ff9f222.jpg,the dog is black and white
2095478050_736c4d2d28.jpg,a group of kids playing music
209605542_ca9cc52e7b.jpg,a man on a rock
2096771662_984441d20d.jpg,two people standing on a rocky beach
2097398349_ff178b3f1b.jpg,the snow is white
2097403787_77a154f5b9.jpg,a man standing in front of a mountain
2097407245_c798e0dcaf.jpg,a man standing in front of a mountain
2097420505_439f63c863.jpg,the snow is white
2097489021_ca1b9f5c3b.jpg,a little girl in a blue dress
2098174172_e57d86ea03.jpg,the sky is blue
2098418613_85a0c9afea.jpg,a dog standing in the dirt next to a toilet
